<?xml version="1.0" encoding="utf-8" standalone="no" ?>
<modDesc descVersion="23">
    <author>Mogli</author>
    <version>4.2.0.0</version>
    <title>
        <en>Auto Combine</en>
        <de>Automatisch Mähdreschen</de>
		<fr>Auto Combine - French traduction by Waylan</fr>
		<it>Auto Combine - Traduzione italiana by Cristiano Magro</it>
		<it>Auto Combine - Traduzione italiana by Cristiano Magro</it>
		<pl>Auto Combine - Polskie tłumaczenie Dzi4d3k</pl>
		<ru>Auto Combine - перевод Gonimy Vetrom</ru>
    </title>
    <description>
        <en>
<![CDATA[Auto Combine]]></en>
        <de>
<![CDATA[Automatisch Mähdreschen]]></de>
<fr>
<![CDATA[Auto Combine - French traduction by Waylan]]></fr>
<it>
<![CDATA[Auto Combine - Traduzione italiana by Cristiano Magro]]></it>
<pl>
<![CDATA[Auto Combine - Polskie tłumaczenie Dzi4d3k]]></pl>
<ru>
<![CDATA[Auto Combine - умный комбайнёр]]></ru>
    </description>
    <iconFilename>dds/store.dds</iconFilename>
    <multiplayer supported="true"/>
	
    <extraSourceFiles>
        <sourceFile filename="register.lua"/>
    </extraSourceFiles>

	<inputBindings>
		<input name="AC_COMBINE_HELPPANEL" 	     category="VEHICLE" key1="KEY_5"           key2="" button="" device="0" mouse="" />
		<input name="AC_COMBINE_SWAP_SIDE"       category="VEHICLE" key1="KEY_6"           key2="" button="" device="0" mouse="" />
		<input name="AC_COMBINE_ENABLE"          category="VEHICLE" key1="KEY_lctrl KEY_5" key2="" button="" device="0" mouse="" />
		<input name="AC_AUTO_STEER"              category="VEHICLE" key1="KEY_lctrl KEY_6" key2="" button="" device="0" mouse="" />
		<input name="AC_COMBINE_UTURN_ON_OFF"    category="VEHICLE" key1="KEY_lalt KEY_5"  key2="" button="" device="0" mouse="" />
		<input name="AC_COMBINE_STEERING"        category="VEHICLE" key1="KEY_lalt KEY_6"  key2="" button="" device="0" mouse="" />
	</inputBindings>
	
	<l10n filenamePrefix="translations/translation" > <!-- load translations from "translations/translation_<language>.xml file -->
		<text name="AC_COMBINE_VERSION">
			<en>AutoCombine v4.2</en>
			<de>AutoCombine v4.2</de>
		</text>
	</l10n>
</modDesc>
